about,
after,
ago,
around,
at,
aboard,
above,
across,
against,
alongside,
amid,
among,
apart from,
astride,
at,
atop,
above,
across,
against,
ahead,
along,
along with,
amid,
around,
away,
away from,
about,
according to,
anti,
as,
as for,
as per,
as to,
as well as,
aside from,
before,
by,
circa,
during,
following,
for,
from,
gone,
in,
on,
past,
prior to,
since,
until,
till,
up to,
up until,
behind,
below,
beneath,
beside,
between,
beyond,
by,
close to,
far,
far from,
forward of,
from,
in,
in between,
in front of,
inside,
into,
minus,
near,
near to,
next to,
of,
off,
on,
on board,
on top of,
onto,
upon,
opposite,
out,
out of,
outside,
outside of,
over,
round,
through,
throughout,
to,
together with,
toward/towards,
under,
underneath,
up against,
with,
within,
without,
behind,
below,
beneath,
down,
further to,
in between,
into,
off,
off of,
on,
onto,
over,
out of,
past,
round,
through,
toward,
towards,
under,
up,
via,
about,
according to,
anti,
as,
as for,
as per,
as to,
as well as,
aside from,
bar,
barring,
because of,
besides,
but for,
by,
but,
concerning,
considering,
contrary to,
counting,
depending on,
despite,
due to,
except,
except for,
excepting,
excluding,
given,
in addition to,
in case of,
in face of,
in favor of, in favour of,
in light of,
in spite of,
in view of,
including,
instead of,
less,
like,
notwithstanding,
of,
on account of,
on behalf of,
other than,
owing to,
pending,
per,
plus,
preparatory to,
pro,
regarding,
regardless of,
save,
save for,
saving,
than,
thanks to,
unlike,
versus,
with,
with reference to,
with regard to,
worth,